﻿{
    "toon-goon": {
        "Version": "1.10.1822.1",
        "Scene": {
            "Name": true,
            "SupportShaderSelect": true
        },
        "Export Directory": "C:/RLConverterServices/RLConverter/TempData/Convert/f73ec420df331334/JICacdfe44d731d9dad8",
        "Object": {
            "toon-goon": {
                "Generation": "ActorScan",
                "Physics": {},
                "Meshes": {
                    "CC_Base_Eye": {
                        "Materials": {
                            "Character_Pbr": {
                                "Material Type": "Pbr",
                                "MultiUV Index": 0,
                                "Two Side": true,
                                "Diffuse Color": [
                                    255.0,
                                    255.0,
                                    255.0
                                ],
                                "Ambient Color": [
                                    12.973402976989746,
                                    12.973402976989746,
                                    12.973402976989746
                                ],
                                "Specular Color": [
                                    255.0,
                                    255.0,
                                    255.0
                                ],
                                "Opacity": 1.0,
                                "Self Illumination": 0.0,
                                "Textures": {
                                    "Metallic": {
                                        "Texture Path": "",
                                        "Strength": 100.0,
                                        "Offset": [
                                            0.0,
                                            0.0
                                        ],
                                        "Tiling": [
                                            1.0,
                                            1.0
                                        ]
                                    },
                                    "Base Color": {
                                        "Texture Path": "./toon-goon.fbm/Character_Pbr_Diffuse.jpg",
                                        "Strength": 100.0,
                                        "Offset": [
                                            0.0,
                                            0.0
                                        ],
                                        "Tiling": [
                                            1.0,
                                            1.0
                                        ]
                                    },
                                    "Roughness": {
                                        "Texture Path": "",
                                        "Strength": 100.0,
                                        "Offset": [
                                            0.0,
                                            0.0
                                        ],
                                        "Tiling": [
                                            1.0,
                                            1.0
                                        ]
                                    },
                                    "Normal": {
                                        "Texture Path": "./toon-goon.fbm/Character_Pbr_Normal.jpg",
                                        "Strength": 100.0,
                                        "Offset": [
                                            0.0,
                                            0.0
                                        ],
                                        "Tiling": [
                                            1.0,
                                            1.0
                                        ]
                                    },
                                    "AO": {
                                        "Texture Path": "./textures/toon-goon/toon-goon/CC_Base_Eye/Character_Pbr/Character_Pbr_ao.jpg",
                                        "Strength": 100.0,
                                        "Offset": [
                                            0.0,
                                            0.0
                                        ],
                                        "Tiling": [
                                            1.0,
                                            1.0
                                        ]
                                    },
                                    "MetallicAlpha": {
                                        "Texture Path": "./textures/toon-goon/toon-goon/CC_Base_Eye/Character_Pbr/Character_Pbr_MetallicAlpha.png"
                                    },
                                    "HDRP": {
                                        "Texture Path": "./textures/toon-goon/toon-goon/CC_Base_Eye/Character_Pbr/Character_Pbr_HDRP.png"
                                    }
                                },
                                "Resource Textures": {}
                            }
                        }
                    },
                    "CC_Base_Teeth": {
                        "Materials": {
                            "Character_Pbr": {
                                "Material Type": "Pbr",
                                "MultiUV Index": 0,
                                "Two Side": true,
                                "Diffuse Color": [
                                    255.0,
                                    255.0,
                                    255.0
                                ],
                                "Ambient Color": [
                                    12.973402976989746,
                                    12.973402976989746,
                                    12.973402976989746
                                ],
                                "Specular Color": [
                                    255.0,
                                    255.0,
                                    255.0
                                ],
                                "Opacity": 1.0,
                                "Self Illumination": 0.0,
                                "Textures": {
                                    "Metallic": {
                                        "Texture Path": "",
                                        "Strength": 100.0,
                                        "Offset": [
                                            0.0,
                                            0.0
                                        ],
                                        "Tiling": [
                                            1.0,
                                            1.0
                                        ]
                                    },
                                    "Base Color": {
                                        "Texture Path": "./toon-goon.fbm/Character_Pbr_Diffuse.jpg",
                                        "Strength": 100.0,
                                        "Offset": [
                                            0.0,
                                            0.0
                                        ],
                                        "Tiling": [
                                            1.0,
                                            1.0
                                        ]
                                    },
                                    "Roughness": {
                                        "Texture Path": "",
                                        "Strength": 100.0,
                                        "Offset": [
                                            0.0,
                                            0.0
                                        ],
                                        "Tiling": [
                                            1.0,
                                            1.0
                                        ]
                                    },
                                    "Normal": {
                                        "Texture Path": "./toon-goon.fbm/Character_Pbr_Normal.jpg",
                                        "Strength": 100.0,
                                        "Offset": [
                                            0.0,
                                            0.0
                                        ],
                                        "Tiling": [
                                            1.0,
                                            1.0
                                        ]
                                    },
                                    "AO": {
                                        "Texture Path": "./textures/toon-goon/toon-goon/CC_Base_Eye/Character_Pbr/Character_Pbr_ao.jpg",
                                        "Strength": 100.0,
                                        "Offset": [
                                            0.0,
                                            0.0
                                        ],
                                        "Tiling": [
                                            1.0,
                                            1.0
                                        ]
                                    },
                                    "MetallicAlpha": {
                                        "Texture Path": "./textures/toon-goon/toon-goon/CC_Base_Eye/Character_Pbr/Character_Pbr_MetallicAlpha.png"
                                    },
                                    "HDRP": {
                                        "Texture Path": "./textures/toon-goon/toon-goon/CC_Base_Eye/Character_Pbr/Character_Pbr_HDRP.png"
                                    }
                                },
                                "Resource Textures": {}
                            }
                        }
                    },
                    "CC_Game_Tongue": {
                        "Materials": {
                            "Character_Pbr": {
                                "Material Type": "Pbr",
                                "MultiUV Index": 0,
                                "Two Side": true,
                                "Diffuse Color": [
                                    255.0,
                                    255.0,
                                    255.0
                                ],
                                "Ambient Color": [
                                    12.973402976989746,
                                    12.973402976989746,
                                    12.973402976989746
                                ],
                                "Specular Color": [
                                    255.0,
                                    255.0,
                                    255.0
                                ],
                                "Opacity": 1.0,
                                "Self Illumination": 0.0,
                                "Textures": {
                                    "Metallic": {
                                        "Texture Path": "",
                                        "Strength": 100.0,
                                        "Offset": [
                                            0.0,
                                            0.0
                                        ],
                                        "Tiling": [
                                            1.0,
                                            1.0
                                        ]
                                    },
                                    "Base Color": {
                                        "Texture Path": "./toon-goon.fbm/Character_Pbr_Diffuse.jpg",
                                        "Strength": 100.0,
                                        "Offset": [
                                            0.0,
                                            0.0
                                        ],
                                        "Tiling": [
                                            1.0,
                                            1.0
                                        ]
                                    },
                                    "Roughness": {
                                        "Texture Path": "",
                                        "Strength": 100.0,
                                        "Offset": [
                                            0.0,
                                            0.0
                                        ],
                                        "Tiling": [
                                            1.0,
                                            1.0
                                        ]
                                    },
                                    "Normal": {
                                        "Texture Path": "./toon-goon.fbm/Character_Pbr_Normal.jpg",
                                        "Strength": 100.0,
                                        "Offset": [
                                            0.0,
                                            0.0
                                        ],
                                        "Tiling": [
                                            1.0,
                                            1.0
                                        ]
                                    },
                                    "AO": {
                                        "Texture Path": "./textures/toon-goon/toon-goon/CC_Base_Eye/Character_Pbr/Character_Pbr_ao.jpg",
                                        "Strength": 100.0,
                                        "Offset": [
                                            0.0,
                                            0.0
                                        ],
                                        "Tiling": [
                                            1.0,
                                            1.0
                                        ]
                                    },
                                    "MetallicAlpha": {
                                        "Texture Path": "./textures/toon-goon/toon-goon/CC_Base_Eye/Character_Pbr/Character_Pbr_MetallicAlpha.png"
                                    },
                                    "HDRP": {
                                        "Texture Path": "./textures/toon-goon/toon-goon/CC_Base_Eye/Character_Pbr/Character_Pbr_HDRP.png"
                                    }
                                },
                                "Resource Textures": {}
                            }
                        }
                    },
                    "Hair": {
                        "Materials": {
                            "Character_Pbr": {
                                "Material Type": "Pbr",
                                "MultiUV Index": 0,
                                "Two Side": true,
                                "Diffuse Color": [
                                    255.0,
                                    255.0,
                                    255.0
                                ],
                                "Ambient Color": [
                                    12.973402976989746,
                                    12.973402976989746,
                                    12.973402976989746
                                ],
                                "Specular Color": [
                                    255.0,
                                    255.0,
                                    255.0
                                ],
                                "Opacity": 1.0,
                                "Self Illumination": 0.0,
                                "Textures": {
                                    "Metallic": {
                                        "Texture Path": "",
                                        "Strength": 100.0,
                                        "Offset": [
                                            0.0,
                                            0.0
                                        ],
                                        "Tiling": [
                                            1.0,
                                            1.0
                                        ]
                                    },
                                    "Base Color": {
                                        "Texture Path": "./toon-goon.fbm/Character_Pbr_Diffuse.jpg",
                                        "Strength": 100.0,
                                        "Offset": [
                                            0.0,
                                            0.0
                                        ],
                                        "Tiling": [
                                            1.0,
                                            1.0
                                        ]
                                    },
                                    "Roughness": {
                                        "Texture Path": "",
                                        "Strength": 100.0,
                                        "Offset": [
                                            0.0,
                                            0.0
                                        ],
                                        "Tiling": [
                                            1.0,
                                            1.0
                                        ]
                                    },
                                    "Normal": {
                                        "Texture Path": "./toon-goon.fbm/Character_Pbr_Normal.jpg",
                                        "Strength": 100.0,
                                        "Offset": [
                                            0.0,
                                            0.0
                                        ],
                                        "Tiling": [
                                            1.0,
                                            1.0
                                        ]
                                    },
                                    "AO": {
                                        "Texture Path": "./textures/toon-goon/toon-goon/CC_Base_Eye/Character_Pbr/Character_Pbr_ao.jpg",
                                        "Strength": 100.0,
                                        "Offset": [
                                            0.0,
                                            0.0
                                        ],
                                        "Tiling": [
                                            1.0,
                                            1.0
                                        ]
                                    },
                                    "MetallicAlpha": {
                                        "Texture Path": "./textures/toon-goon/toon-goon/CC_Base_Eye/Character_Pbr/Character_Pbr_MetallicAlpha.png"
                                    },
                                    "HDRP": {
                                        "Texture Path": "./textures/toon-goon/toon-goon/CC_Base_Eye/Character_Pbr/Character_Pbr_HDRP.png"
                                    }
                                },
                                "Resource Textures": {}
                            }
                        }
                    },
                    "CC_Game_Body": {
                        "Materials": {
                            "Character_Pbr": {
                                "Material Type": "Pbr",
                                "MultiUV Index": 0,
                                "Two Side": true,
                                "Diffuse Color": [
                                    255.0,
                                    255.0,
                                    255.0
                                ],
                                "Ambient Color": [
                                    12.973402976989746,
                                    12.973402976989746,
                                    12.973402976989746
                                ],
                                "Specular Color": [
                                    255.0,
                                    255.0,
                                    255.0
                                ],
                                "Opacity": 1.0,
                                "Self Illumination": 0.0,
                                "Textures": {
                                    "Metallic": {
                                        "Texture Path": "",
                                        "Strength": 100.0,
                                        "Offset": [
                                            0.0,
                                            0.0
                                        ],
                                        "Tiling": [
                                            1.0,
                                            1.0
                                        ]
                                    },
                                    "Base Color": {
                                        "Texture Path": "./toon-goon.fbm/Character_Pbr_Diffuse.jpg",
                                        "Strength": 100.0,
                                        "Offset": [
                                            0.0,
                                            0.0
                                        ],
                                        "Tiling": [
                                            1.0,
                                            1.0
                                        ]
                                    },
                                    "Roughness": {
                                        "Texture Path": "",
                                        "Strength": 100.0,
                                        "Offset": [
                                            0.0,
                                            0.0
                                        ],
                                        "Tiling": [
                                            1.0,
                                            1.0
                                        ]
                                    },
                                    "Normal": {
                                        "Texture Path": "./toon-goon.fbm/Character_Pbr_Normal.jpg",
                                        "Strength": 100.0,
                                        "Offset": [
                                            0.0,
                                            0.0
                                        ],
                                        "Tiling": [
                                            1.0,
                                            1.0
                                        ]
                                    },
                                    "AO": {
                                        "Texture Path": "./textures/toon-goon/toon-goon/CC_Base_Eye/Character_Pbr/Character_Pbr_ao.jpg",
                                        "Strength": 100.0,
                                        "Offset": [
                                            0.0,
                                            0.0
                                        ],
                                        "Tiling": [
                                            1.0,
                                            1.0
                                        ]
                                    },
                                    "MetallicAlpha": {
                                        "Texture Path": "./textures/toon-goon/toon-goon/CC_Base_Eye/Character_Pbr/Character_Pbr_MetallicAlpha.png"
                                    },
                                    "HDRP": {
                                        "Texture Path": "./textures/toon-goon/toon-goon/CC_Base_Eye/Character_Pbr/Character_Pbr_HDRP.png"
                                    }
                                },
                                "Resource Textures": {}
                            }
                        }
                    },
                    "Pants": {
                        "Materials": {
                            "Character_Pbr": {
                                "Material Type": "Pbr",
                                "MultiUV Index": 0,
                                "Two Side": true,
                                "Diffuse Color": [
                                    255.0,
                                    255.0,
                                    255.0
                                ],
                                "Ambient Color": [
                                    12.973402976989746,
                                    12.973402976989746,
                                    12.973402976989746
                                ],
                                "Specular Color": [
                                    255.0,
                                    255.0,
                                    255.0
                                ],
                                "Opacity": 1.0,
                                "Self Illumination": 0.0,
                                "Textures": {
                                    "Metallic": {
                                        "Texture Path": "",
                                        "Strength": 100.0,
                                        "Offset": [
                                            0.0,
                                            0.0
                                        ],
                                        "Tiling": [
                                            1.0,
                                            1.0
                                        ]
                                    },
                                    "Base Color": {
                                        "Texture Path": "./toon-goon.fbm/Character_Pbr_Diffuse.jpg",
                                        "Strength": 100.0,
                                        "Offset": [
                                            0.0,
                                            0.0
                                        ],
                                        "Tiling": [
                                            1.0,
                                            1.0
                                        ]
                                    },
                                    "Roughness": {
                                        "Texture Path": "",
                                        "Strength": 100.0,
                                        "Offset": [
                                            0.0,
                                            0.0
                                        ],
                                        "Tiling": [
                                            1.0,
                                            1.0
                                        ]
                                    },
                                    "Normal": {
                                        "Texture Path": "./toon-goon.fbm/Character_Pbr_Normal.jpg",
                                        "Strength": 100.0,
                                        "Offset": [
                                            0.0,
                                            0.0
                                        ],
                                        "Tiling": [
                                            1.0,
                                            1.0
                                        ]
                                    },
                                    "AO": {
                                        "Texture Path": "./textures/toon-goon/toon-goon/CC_Base_Eye/Character_Pbr/Character_Pbr_ao.jpg",
                                        "Strength": 100.0,
                                        "Offset": [
                                            0.0,
                                            0.0
                                        ],
                                        "Tiling": [
                                            1.0,
                                            1.0
                                        ]
                                    },
                                    "MetallicAlpha": {
                                        "Texture Path": "./textures/toon-goon/toon-goon/CC_Base_Eye/Character_Pbr/Character_Pbr_MetallicAlpha.png"
                                    },
                                    "HDRP": {
                                        "Texture Path": "./textures/toon-goon/toon-goon/CC_Base_Eye/Character_Pbr/Character_Pbr_HDRP.png"
                                    }
                                },
                                "Resource Textures": {}
                            }
                        }
                    }
                }
            }
        }
    }
}